Toppagina's,Aantal klikken,Vertoningen,CTR,Positie
https://superscout.nl/aanbieding/dekamarkt-136192,9,233,3.86%,6.76
https://superscout.nl/aanbieding/dirk-137769,4,22,18.18%,7.64
https://superscout.nl/,3,936,0.32%,82.09
https://superscout.nl/product,2,92,2.17%,62.11
https://superscout.nl/aanbieding/aldi-1242980,2,14,14.29%,4.57
https://superscout.nl/aanbieding/plus-4433-29,1,19,5.26%,57.53
https://superscout.nl/aanbieding/dekamarkt-136068,1,12,8.33%,8.33
https://superscout.nl/aanbieding/dirk-137775,1,12,8.33%,8.33
https://superscout.nl/aanbieding/dirk-137766,1,11,9.09%,8.73
https://superscout.nl/aanbieding/dirk-137749,1,9,11.11%,7.11
https://superscout.nl/aanbieding/dirk-137747,1,5,20%,11.4
https://superscout.nl/aanbieding/ah-802197,1,3,33.33%,10.33
https://superscout.nl/aanbieding/aldi-1219224,1,2,50%,3.5
https://superscout.nl/aanbieding/aldi-91241463,1,2,50%,22
https://superscout.nl/aanbieding/aldi-1233890,1,1,100%,4
https://superscout.nl/winkel/jumbo,0,141,0%,44.95
https://superscout.nl/winkel/poiesz,0,85,0%,37.52
https://superscout.nl/winkel/ah,0,80,0%,43.83
https://superscout.nl/aanbieding/dirk-137764,0,40,0%,10.28
https://superscout.nl/categorie/snacks,0,29,0%,48.07
https://superscout.nl/aanbieding/dirk-137765,0,28,0%,12.61
https://superscout.nl/categorie/groente-fruit,0,27,0%,66.63
https://superscout.nl/aanbieding/ah-797588,0,25,0%,10.24
https://superscout.nl/aanbieding/dirk-137751,0,22,0%,7.59
https://superscout.nl/aanbieding/aldi-1242881,0,21,0%,8.57
https://superscout.nl/aanbieding/jumbo-3016562,0,20,0%,43.2
https://superscout.nl/aanbieding/dirk-137777,0,19,0%,7.05
https://superscout.nl/aanbieding/aldi-1234512,0,19,0%,8.37
https://superscout.nl/categorie/bier-wijn,0,19,0%,29.16
https://superscout.nl/aanbieding/aldi-1241612,0,18,0%,7.11
https://superscout.nl/aanbieding/dirk-137750,0,18,0%,7.11
https://superscout.nl/categorie/maaltijden,0,13,0%,31.92
https://superscout.nl/aanbieding/aldi-91229818,0,11,0%,7.45
https://superscout.nl/categorieen,0,11,0%,14.82
https://superscout.nl/aanbieding/dekamarkt-136077,0,10,0%,4.6
https://superscout.nl/aanbieding/aldi-1240950,0,10,0%,9.4
https://superscout.nl/aanbieding/aldi-1201194,0,10,0%,9.7
https://superscout.nl/aanbieding/dirk-137602,0,8,0%,6.38
https://superscout.nl/aanbieding/dirk-137746,0,8,0%,7.25
https://superscout.nl/aanbieding/ah--21961,0,8,0%,8.12
https://superscout.nl/aanbieding/lidl-p10030396,0,8,0%,9.62
https://superscout.nl/aanbieding/aldi-1241515,0,7,0%,5.86
https://superscout.nl/voorwaarden,0,7,0%,6
https://superscout.nl/aanbieding/aldi-1242983,0,7,0%,8.14
https://superscout.nl/aanbieding/jumbo-bk_colafles_c,0,7,0%,8.86
https://superscout.nl/aanbieding/aldi-1243353,0,7,0%,11.71
https://superscout.nl/aanbieding/lidl-p10030572,0,7,0%,37.14
https://superscout.nl/categorie/zuivel,0,6,0%,1.83
https://superscout.nl/aanbieding/ah-805937,0,6,0%,6.5
https://superscout.nl/privacy,0,6,0%,6.83
https://superscout.nl/aanbieding/aldi-1220176,0,6,0%,10.5
https://superscout.nl/aanbieding/aldi-1242968,0,6,0%,11.5
https://superscout.nl/aanbieding/aldi-91240318,0,5,0%,3.4
https://superscout.nl/aanbieding/aldi-1206651,0,5,0%,9
https://superscout.nl/aanbieding/aldi-1234504,0,5,0%,9
https://superscout.nl/aanbieding/dirk-137753,0,5,0%,9.4
https://superscout.nl/aanbieding/ah-803736,0,5,0%,10
https://superscout.nl/aanbieding/jumbo-3018583,0,5,0%,15.6
https://superscout.nl/aanbieding/jumbo-3018297,0,5,0%,36.6
https://superscout.nl/aanbieding/ah--21960,0,5,0%,39.2
https://superscout.nl/aanbieding/aldi-1231781,0,4,0%,8.5
https://superscout.nl/aanbieding/ah-797568,0,4,0%,9.5
https://superscout.nl/aanbieding/ah-797584,0,4,0%,9.75
https://superscout.nl/aanbieding/ah-803592,0,4,0%,15.5
https://superscout.nl/aanbieding/aldi-1225724,0,4,0%,43.5
https://superscout.nl/aanbieding/sligro-71734,0,4,0%,43.75
https://superscout.nl/aanbieding/jumbo-bierkratten_aanbieding,0,4,0%,44.25
https://superscout.nl/aanbieding/lidl-p10030400,0,3,0%,4
https://superscout.nl/aanbieding/lidl-p10030506,0,3,0%,5
https://superscout.nl/aanbieding/lidl-p10030462,0,3,0%,6
https://superscout.nl/aanbieding/ah-801474,0,3,0%,6.33
https://superscout.nl/aanbieding/ah-797632,0,3,0%,7.67
https://superscout.nl/aanbieding/dekamarkt-136186,0,3,0%,8.33
https://superscout.nl/aanbieding/lidl-p10030502,0,3,0%,8.33
https://superscout.nl/aanbieding/ah-797564,0,3,0%,8.67
https://superscout.nl/aanbieding/aldi-1240857,0,3,0%,8.67
https://superscout.nl/aanbieding/dekamarkt-136187,0,3,0%,9
https://superscout.nl/aanbieding/jumbo-3018500,0,3,0%,9
https://superscout.nl/aanbieding/dirk-137774,0,3,0%,9.67
https://superscout.nl/aanbieding/dirk-137755,0,3,0%,12.67
https://superscout.nl/aanbieding/aldi-91200144,0,3,0%,34
https://superscout.nl/aanbieding/aldi-91216331,0,3,0%,42.33
https://superscout.nl/aanbieding/lidl-p10030434,0,2,0%,1
https://superscout.nl/aanbieding/poiesz-126907,0,2,0%,1
https://superscout.nl/aanbieding/aldi-1234127,0,2,0%,3.5
https://superscout.nl/aanbieding/ah-797586,0,2,0%,5.5
https://superscout.nl/aanbieding/dekamarkt-136135,0,2,0%,5.5
https://superscout.nl/aanbieding/ah-795030,0,2,0%,6
https://superscout.nl/aanbieding/aldi-1233849,0,2,0%,6
https://superscout.nl/aanbieding/aldi-91216184,0,2,0%,7
https://superscout.nl/aanbieding/ah--21977,0,2,0%,7.5
https://superscout.nl/aanbieding/aldi-91238079,0,2,0%,7.5
https://superscout.nl/aanbieding/aldi-1234421,0,2,0%,8
https://superscout.nl/aanbieding/aldi-1240803,0,2,0%,8
https://superscout.nl/aanbieding/lidl-p10030476,0,2,0%,8
https://superscout.nl/aanbieding/aldi-1243374,0,2,0%,8.5
https://superscout.nl/aanbieding/dirk-137748,0,2,0%,8.5
https://superscout.nl/aanbieding/dirk-137740,0,2,0%,9
https://superscout.nl/aanbieding/ah-797556,0,2,0%,9.5
https://superscout.nl/aanbieding/ah-805934,0,2,0%,10.5
https://superscout.nl/aanbieding/poiesz-126941,0,2,0%,10.5
https://superscout.nl/aanbieding/ah-797575,0,2,0%,11
https://superscout.nl/aanbieding/lidl-p10030454,0,2,0%,11
https://superscout.nl/aanbieding/ah-797596,0,2,0%,11.5
https://superscout.nl/aanbieding/ah-805940,0,2,0%,11.5
https://superscout.nl/aanbieding/dirk-137762,0,2,0%,12
https://superscout.nl/aanbieding/lidl-p10030195,0,2,0%,12.5
https://superscout.nl/aanbieding/ah--22001,0,2,0%,13
https://superscout.nl/aanbieding/poiesz-126896,0,2,0%,15
https://superscout.nl/aanbieding/aldi-91241042,0,2,0%,16
https://superscout.nl/aanbieding/jumbo-3018200,0,2,0%,16.5
https://superscout.nl/aanbieding/dirk-137483,0,2,0%,17.5
https://superscout.nl/aanbieding/jumbo-3018723,0,2,0%,18.5
https://superscout.nl/winkel/sligro,0,2,0%,18.5
https://superscout.nl/aanbieding/ah-797583,0,2,0%,25
https://superscout.nl/aanbieding/plus-4433-32,0,2,0%,35.5
https://superscout.nl/categorie/frisdrank,0,2,0%,49.5
https://superscout.nl/aanbieding/poiesz-126823,0,2,0%,67
https://superscout.nl/aanbieding/aldi-1243108,0,1,0%,1
https://superscout.nl/aanbieding/lidl-p10030528,0,1,0%,1
https://superscout.nl/aanbieding/sligro-881891,0,1,0%,1
https://superscout.nl/categorie/brood,0,1,0%,1
https://superscout.nl/aanbieding/aldi-1243213,0,1,0%,4
https://superscout.nl/aanbieding/aldi-91242717,0,1,0%,4
https://superscout.nl/aanbieding/dekamarkt-136210,0,1,0%,4
https://superscout.nl/aanbieding/lidl-p10030494,0,1,0%,4
https://superscout.nl/aanbieding/ah-800330,0,1,0%,5
https://superscout.nl/aanbieding/ah-805935,0,1,0%,5
https://superscout.nl/aanbieding/dirk-137745,0,1,0%,5
https://superscout.nl/aanbieding/lidl-p10030436,0,1,0%,5
https://superscout.nl/aanbieding/ah--21978,0,1,0%,6
https://superscout.nl/aanbieding/ah--22006,0,1,0%,6
https://superscout.nl/aanbieding/aldi-1235296,0,1,0%,6
https://superscout.nl/aanbieding/ah-797603,0,1,0%,7
https://superscout.nl/aanbieding/ah-797649,0,1,0%,7
https://superscout.nl/aanbieding/ah-802203,0,1,0%,7
https://superscout.nl/aanbieding/aldi-1218182,0,1,0%,7
https://superscout.nl/aanbieding/aldi-1229949,0,1,0%,7
https://superscout.nl/aanbieding/aldi-1240418,0,1,0%,7
https://superscout.nl/aanbieding/dekamarkt-136106,0,1,0%,7
https://superscout.nl/aanbieding/ah-801484,0,1,0%,8
https://superscout.nl/aanbieding/ah-802238,0,1,0%,8
https://superscout.nl/aanbieding/aldi-1211048,0,1,0%,8
https://superscout.nl/aanbieding/aldi-91200539,0,1,0%,8
https://superscout.nl/aanbieding/dekamarkt-136137,0,1,0%,8
https://superscout.nl/aanbieding/dirk-137735,0,1,0%,8
https://superscout.nl/aanbieding/lidl-p10030422,0,1,0%,8
https://superscout.nl/categorie/kaas-vleeswaren,0,1,0%,8
https://superscout.nl/aanbieding/ah-797627,0,1,0%,9
https://superscout.nl/aanbieding/ah-801481,0,1,0%,9
https://superscout.nl/aanbieding/aldi-1219323,0,1,0%,9
https://superscout.nl/aanbieding/aldi-1233399,0,1,0%,9
https://superscout.nl/aanbieding/dekamarkt-136159,0,1,0%,9
https://superscout.nl/aanbieding/dirk-137741,0,1,0%,9
https://superscout.nl/aanbieding/lidl-p10030544,0,1,0%,9
https://superscout.nl/aanbieding/lidl-p10030558,0,1,0%,9
https://superscout.nl/aanbieding/ah--21937,0,1,0%,10
https://superscout.nl/aanbieding/ah-797580,0,1,0%,10
https://superscout.nl/aanbieding/ah-797626,0,1,0%,10
https://superscout.nl/aanbieding/ah-797646,0,1,0%,10
https://superscout.nl/aanbieding/ah-802243,0,1,0%,10
https://superscout.nl/aanbieding/aldi-1231628,0,1,0%,10
https://superscout.nl/aanbieding/aldi-1234876,0,1,0%,10
https://superscout.nl/aanbieding/dirk-137758,0,1,0%,10
https://superscout.nl/aanbieding/lidl-p10030490,0,1,0%,10
https://superscout.nl/aanbieding/lidl-p10030504,0,1,0%,10
https://superscout.nl/aanbieding/lidl-p10030530,0,1,0%,10
https://superscout.nl/aanbieding/plus-4433-31,0,1,0%,10
https://superscout.nl/categorie/overig,0,1,0%,10
https://superscout.nl/aanbieding/ah--21967,0,1,0%,11
https://superscout.nl/aanbieding/ah-801464,0,1,0%,11
https://superscout.nl/aanbieding/ah-802369,0,1,0%,11
https://superscout.nl/aanbieding/aldi-1242956,0,1,0%,11
https://superscout.nl/aanbieding/aldi-1243341,0,1,0%,11
https://superscout.nl/aanbieding/aldi-91210449,0,1,0%,11
https://superscout.nl/aanbieding/aldi-91242754,0,1,0%,11
https://superscout.nl/aanbieding/hoogvliet-202629069,0,1,0%,11
https://superscout.nl/aanbieding/ah-797551,0,1,0%,12
https://superscout.nl/aanbieding/ah-797594,0,1,0%,12
https://superscout.nl/aanbieding/poiesz-126820,0,1,0%,12
https://superscout.nl/aanbieding/ah-802198,0,1,0%,13
https://superscout.nl/aanbieding/aldi-1219970,0,1,0%,13
https://superscout.nl/aanbieding/aldi-1226950,0,1,0%,13
https://superscout.nl/aanbieding/dirk-137743,0,1,0%,13
https://superscout.nl/aanbieding/ah-801476,0,1,0%,14
https://superscout.nl/aanbieding/ah-802200,0,1,0%,14
https://superscout.nl/aanbieding/aldi-1233910,0,1,0%,14
https://superscout.nl/aanbieding/hoogvliet-202629170,0,1,0%,14
https://superscout.nl/aanbieding/ah-797601,0,1,0%,15
https://superscout.nl/aanbieding/aldi-91224138,0,1,0%,15
https://superscout.nl/aanbieding/ah-803246,0,1,0%,19
https://superscout.nl/aanbieding/aldi-1208216,0,1,0%,22
https://superscout.nl/aanbieding/aldi-91200141,0,1,0%,24
https://superscout.nl/aanbieding/dirk-137779,0,1,0%,24
https://superscout.nl/aanbieding/lidl-p10030492,0,1,0%,24
https://superscout.nl/aanbieding/lidl-p10030532,0,1,0%,25
https://superscout.nl/aanbieding/jumbo-3019456,0,1,0%,26
https://superscout.nl/aanbieding/ah-801465,0,1,0%,28
https://superscout.nl/aanbieding/jumbo-3018520,0,1,0%,29
https://superscout.nl/aanbieding/plus-4436-69,0,1,0%,33
https://superscout.nl/aanbieding/lidl-p10030542,0,1,0%,38
https://superscout.nl/aanbieding/aldi-1219324,0,1,0%,39
https://superscout.nl/aanbieding/aldi-91243092,0,1,0%,39
https://superscout.nl/aanbieding/lidl-p10030586,0,1,0%,40
https://superscout.nl/aanbieding/aldi-1234246,0,1,0%,41
https://superscout.nl/aanbieding/hoogvliet-202628031,0,1,0%,41
https://superscout.nl/categorie/ontbijt,0,1,0%,45
https://superscout.nl/aanbieding/jumbo-3019801,0,1,0%,47
https://superscout.nl/aanbieding/hoogvliet-202629070,0,1,0%,49
https://superscout.nl/aanbieding/aldi-1243081,0,1,0%,52
https://superscout.nl/aanbieding/jumbo-3019131,0,1,0%,52
https://superscout.nl/aanbieding/aldi-1203623,0,1,0%,53
https://superscout.nl/aanbieding/ah--21959,0,1,0%,59
https://superscout.nl/aanbieding/jumbo-3018163,0,1,0%,64
https://superscout.nl/aanbieding/jumbo-3018517,0,1,0%,66