Meest uitgevoerde zoekopdrachten,Aantal klikken,Vertoningen,CTR,Positie
sinji car display 7 inch,6,149,4.03%,6.09
karl lagerfeld hoofdkussen,2,12,16.67%,7.67
sinji car display 7,1,18,5.56%,6.72
helpt dit,1,1,100%,4
zomeractie supermarkt,0,84,0%,83.8
beste aanbiedingen supermarkt,0,78,0%,84.05
supermarkt deals,0,63,0%,85.16
supermarkt,0,55,0%,82.6
supermarkt aanbiedingen,0,54,0%,85.74
bestek spaaractie supermarkt,0,26,0%,65.73
sinji car display,0,22,0%,10.36
spaaractie supermarkt,0,21,0%,74.14
beste boodschappen aanbiedingen,0,21,0%,97.24
dirk ventilator,0,20,0%,11.15
webshop supermarkt,0,18,0%,82.06
poiesz,0,17,0%,24
jungle dieren actie supermarkt,0,17,0%,74.12
premium bestek als supermarket actie,0,17,0%,111.41
uitdeelzakjes chips aanbieding,0,16,0%,42.88
ah aanbieding,0,15,0%,59.13
rabarberflappen ah,0,14,0%,11.07
brabantia melkopschuimer dirk,0,14,0%,12.21
jumbo aanbiedingen,0,14,0%,49.93
jungle dierenactie supermarkt,0,14,0%,76.07
aanbiedingen supermarkt,0,14,0%,83.86
leverancier spaaractie supermarkt,0,14,0%,85.79
fruits prices,0,14,0%,93.21
zibibbo terre siciliane aldi,0,13,0%,8.54
aanbiedingen supermarkten,0,13,0%,85.69
aanbiedingen,0,12,0%,94.08
dea home wasmand,0,11,0%,6.55
supermarktprijzen,0,11,0%,80.91
supermarkt aanbieding,0,11,0%,85.18
k3 spaaractie supermarkt,0,11,0%,86
prijsvergelijk supermarkten,0,10,0%,72.1
boodschappen aanbiedingen,0,10,0%,98.3
drone aldi,0,9,0%,10.67
jumbo acties,0,9,0%,60.22
supermarkt prijsvergelijk,0,9,0%,78.11
aanbieding supermarkt,0,9,0%,93.44
diamantsteak,0,8,0%,10.25
jumbo aanbieding,0,8,0%,50.62
lijssie,0,8,0%,84.75
supermarkt prijzen,0,8,0%,96.5
chaerme scheerapparaat,0,7,0%,5.57
roquemartine rose,0,7,0%,8.14
ventilator dirk,0,7,0%,12
poiesz supermarkt,0,7,0%,37
aanbiedingen jumbo,0,7,0%,50.29
aanbieding jumbo,0,7,0%,52.71
jumbo supermarkten aanbiedingen,0,7,0%,53.57
supermarkt aanbiedingen vergelijken,0,7,0%,66
goedkoopste online supermarkt,0,7,0%,83.43
supermarkt folder,0,7,0%,85.57
boodschappen vergelijken,0,7,0%,87.43
prijsvergelijking supermarkten,0,7,0%,87.71
stickeractie supermarkt,0,7,0%,88.57
aanbiedingen ah,0,6,0%,53
supermarktaanbiedingen,0,6,0%,61.5
vergelijk supermarkt aanbiedingen,0,6,0%,65
aanbiedingen boodschappen,0,6,0%,70.83
super aanbiedingen,0,6,0%,73.67
super aanbieding,0,6,0%,80.33
supermarkten aanbiedingen,0,6,0%,89.17
super supermarkt,0,6,0%,95.67
dirk brandblusser,0,5,0%,5
dirk thermosbeker,0,5,0%,7.2
coca cola jumbo,0,5,0%,7.6
supermarkt scout,0,5,0%,8.2
rosati spritz aperitivo,0,5,0%,9
paksoi aldi,0,5,0%,10.4
aldi douchekruk,0,5,0%,11.8
poiesz supermarkten,0,5,0%,24
fruit aanbiedingen,0,5,0%,26.8
prijzen jumbo,0,5,0%,31.6
supermarkt pagina,0,5,0%,50
reclame supermarkten,0,5,0%,80
supermarkt online,0,5,0%,82
prijslijst supermarkt,0,5,0%,83.4
kortingsbonnen supermarkt,0,5,0%,90.8
aanbieding zoeken,0,5,0%,93
kortingsbonnen supermarkten,0,5,0%,93.2
supermarkt folders,0,5,0%,94
prijzen supermarkten,0,5,0%,98.8
mannsberger camping gaskookplaat,0,4,0%,4.75
big american lidl,0,4,0%,9.25
jumbo nl supermarkt,0,4,0%,16
poeisz,0,4,0%,18
pangasiusfilet lidl,0,4,0%,33.25
tiroler speck aldi,0,4,0%,43.5
supermarkt jumbo aanbiedingen,0,4,0%,48.25
poiesz gebak aanbieding,0,4,0%,50.25
a h aanbiedingen,0,4,0%,54.25
aanbieding ah,0,4,0%,54.5
jumbo supermarkt aanbiedingen,0,4,0%,57.75
jumbo assortiment per winkel,0,4,0%,66.25
spaaracties supermarkten,0,4,0%,72.75
vergelijk prijzen supermarkten,0,4,0%,74.25
goedkope online supermarkt,0,4,0%,80.5
supermarkt aanbiedingen deze week,0,4,0%,81
supermarkt vergelijken,0,4,0%,84.5
supermarkten vergelijken,0,4,0%,84.75
alle supermarkten,0,4,0%,92.5
mannsberger kooktoestel,0,3,0%,4.67
aldi waterballonnen,0,3,0%,7.67
wasmand dirk,0,3,0%,8.67
taking root pinot grigio jumbo,0,3,0%,9
dirk wasmand,0,3,0%,10.67
gladiolen kopen ah,0,3,0%,10.67
jumbo weekaanbiedingen,0,3,0%,23.33
jumbo prijzen,0,3,0%,25
poisz,0,3,0%,26.33
prijs jumbo,0,3,0%,27.67
albert heijn korting,0,3,0%,34.67
jumbo supermarkten,0,3,0%,39
jumbo aanbiedingen deze week,0,3,0%,39.67
jumbo slijterij aanbiedingen deze week,0,3,0%,40.67
albert heijn aanbiedingen deze week,0,3,0%,41
chips aanbiedingen,0,3,0%,42
aanbieding bbq vlees jumbo,0,3,0%,45.33
poiesz producten,0,3,0%,47.33
koeken plus,0,3,0%,49.67
bbq pakket jumbo,0,3,0%,55
supermarkt poiesz,0,3,0%,55
snacks in de aanbieding,0,3,0%,57
acties jumbo,0,3,0%,58.67
jumbo superdeals,0,3,0%,59.67
supermarkt hulshorst,0,3,0%,60.67
bieraanbiedingen poiesz,0,3,0%,63.67
chips aanbieding,0,3,0%,64.67
subway aanbieding,0,3,0%,66.67
aanbiedingen supermarkten volgende week,0,3,0%,67.67
prijsvergelijk supermarkt,0,3,0%,67.67
supermarkten,0,3,0%,68
supermarkt vergelijker,0,3,0%,69.67
supermarkt vergelijken prijzen,0,3,0%,75.33
bingo supermarkt,0,3,0%,81.67
euroshopper prijzen,0,3,0%,84
prijsvergelijken supermarkten,0,3,0%,84.67
online boodschappen goedkoopste,0,3,0%,86.33
discountsupermarkt,0,3,0%,88
folders supermarkten,0,3,0%,93.67
gratis boodschappen,0,3,0%,95
balisto lidl,0,2,0%,4.5
chaerme,0,2,0%,7
dron aldi,0,2,0%,7.5
vivera aanbieding ah,0,2,0%,8
zibibbo aldi,0,2,0%,8.5
hero cassis ah,0,2,0%,9.5
aldi birra moretti,0,2,0%,10
procureur lidl,0,2,0%,11
poeize,0,2,0%,20
jumbo bbq-vlees aanbieding,0,2,0%,33
aanbiedingen ah deze week,0,2,0%,34
ah aanbiedingen deze week,0,2,0%,34.5
jumbo venlo angebote,0,2,0%,34.5
jumbo bbq vlees aanbieding,0,2,0%,35
aanbieding ah deze week,0,2,0%,36
albert heijn chips aanbieding,0,2,0%,37
bbq actie jumbo,0,2,0%,38
coca cola aanbieding ah,0,2,0%,38
ah pepsi aanbieding,0,2,0%,39.5
cola aanbieding ah,0,2,0%,39.5
jumbo cola aanbieding,0,2,0%,42
jumbo bbq vlees 4 voor 10 euro,0,2,0%,43.5
mucho mas wijn ah,0,2,0%,45
pepsi aanbieding jumbo,0,2,0%,45.5
plus koek,0,2,0%,46
poiesz slijterij aanbieding,0,2,0%,47.5
feestkoekjes plus,0,2,0%,49.5
aanbieding 7up,0,2,0%,50.5
jumbo aanbiedinge,0,2,0%,51
koek plus,0,2,0%,51
plus koeken,0,2,0%,51
jumbo deal,0,2,0%,52
koekjes plus,0,2,0%,52
bier wijn,0,2,0%,53.5
supermarkt extra,0,2,0%,53.5
jumbo seizoensaanbiedingen,0,2,0%,56.5
poiesz pannen actie,0,2,0%,60
superdeals jumbo,0,2,0%,60
bier aanbieding poiesz,0,2,0%,61.5
supermarkt molenschot,0,2,0%,62
poiesz supermarkten b.v.,0,2,0%,62.5
aanbiedingen vergelijken supermarkt,0,2,0%,63.5
perfekt huismerk,0,2,0%,66
jumbo angebote,0,2,0%,67
supermarkt aanbiedingen volgende week,0,2,0%,68
promo albert heijn,0,2,0%,71
vergelijk supermarkt prijzen,0,2,0%,76
alle supermarkt aanbiedingen,0,2,0%,77.5
aanbiedingen emte,0,2,0%,79
suoermarkt,0,2,0%,80.5
supermarktfolders,0,2,0%,83
supermarket,0,2,0%,85
folder supermarkt,0,2,0%,86.5
goedkoopste fruit op het werk,0,2,0%,88
supermarkt dalfsen,0,2,0%,89
supermarkt reclame,0,2,0%,89.5
bevoorrading supermarkten,0,2,0%,91.5
aanbiedingen zoeken,0,2,0%,92.5
c1000 weekaanbiedingen,0,2,0%,92.5
reclame supermarkt,0,2,0%,92.5
supermarkt korting,0,2,0%,93
lidl melk campina,0,1,0%,1
celsius jumbo,0,1,0%,4
vanish oxi action albert heijn,0,1,0%,6
albert heijn aanbieding,0,1,0%,8
balsamicocreme aldi,0,1,0%,8
crane koelbox,0,1,0%,8
roquemartine rosé,0,1,0%,8
aldi pizza broodjes,0,1,0%,9
sligro aanbiedingen,0,1,0%,9
witlof aldi,0,1,0%,9
aldi zibibbo,0,1,0%,10
atka makreelfilet,0,1,0%,10
kersen ah,0,1,0%,10
petit patisserie ah,0,1,0%,10
taralli aldi,0,1,0%,10
ah groente aanbieding,0,1,0%,11
aldi bounty,0,1,0%,11
aldi sardines,0,1,0%,11
birra moretti aldi,0,1,0%,11
ca marina prosecco,0,1,0%,11
celcius jumbo,0,1,0%,11
crispix lidl,0,1,0%,11
douchekruk aldi,0,1,0%,11
harlekijn drop aldi,0,1,0%,11
dunlop neustrimmer,0,1,0%,12
pizzabroodjes aldi,0,1,0%,12
ventilator dirk van de broek,0,1,0%,12
vermentino santa cristina,0,1,0%,12
cantuccini aldi,0,1,0%,13
vliegengordijn dirk,0,1,0%,13
knijpfruit ah,0,1,0%,14
supercoop aanbieding,0,1,0%,14
cassis aldi,0,1,0%,15
jumbo nl,0,1,0%,16
dirk melkopschuimer,0,1,0%,17
orangina jumbo,0,1,0%,18
goedkope prijzen,0,1,0%,19
grange de malivet chardonnay wooded aanbieding,0,1,0%,19
lasagnette aldi,0,1,0%,19
ok,0,1,0%,19
fruit aanbieding,0,1,0%,20
poeizs,0,1,0%,20
ah aanbieding deze week,0,1,0%,21
verse worst aldi,0,1,0%,21
aldi gerookte zalm aanbieding,0,1,0%,22
nexxt multitool 4 in 1,0,1,0%,22
poiesx,0,1,0%,22
poeiesz,0,1,0%,23
groene pesto aldi,0,1,0%,24
saskia water lidl prijs,0,1,0%,24
jumbo salades brood,0,1,0%,25
notenmix lidl,0,1,0%,25
poieszz,0,1,0%,25
aardbeien aanbieding jumbo,0,1,0%,26
bin 66,0,1,0%,27
jumbo korting,0,1,0%,27
mucho mas wijn aanbieding,0,1,0%,27
actie sligro,0,1,0%,28
verse soep albert heijn,0,1,0%,28
de poiesz,0,1,0%,29
ile kosztuje,0,1,0%,29
montaignan wijn jumbo,0,1,0%,31
angebote jumbo holland,0,1,0%,32
jumbo aanbiedingen van deze week,0,1,0%,32
jumbo artikelen,0,1,0%,32
mucho mas aanbieding,0,1,0%,32
monchou aanbieding,0,1,0%,33
mayonaise dirk,0,1,0%,34
montaignan jumbo,0,1,0%,34
ah coca cola aanbieding,0,1,0%,35
albert heijn deze week aanbiedingen,0,1,0%,35
jumbo fruit aanbieding,0,1,0%,35
jumbo\\\'s filterkoffie,0,1,0%,35
aanbieding cola ah,0,1,0%,36
lasagne aldi,0,1,0%,36
aanbieding wereldgerechten,0,1,0%,37
dr pepper jumbo,0,1,0%,37
jumbo montaignan,0,1,0%,37
bbq pakketten jumbo,0,1,0%,38
esbro aanbiedingen,0,1,0%,38
jumbo acties deze week,0,1,0%,38
jumbo groente aanbieding,0,1,0%,38
jumbo weekend aanbieding,0,1,0%,38
ah cola aanbieding,0,1,0%,39
aldi mandarijnen,0,1,0%,39
bieren aldi,0,1,0%,39
coca-cola aanbieding ah,0,1,0%,39
esbro wehl aanbiedingen,0,1,0%,39
jumbo com aanbiedingen,0,1,0%,39
jumbo groenten aanbieding,0,1,0%,39
jumbo supermarkt aanbiedingen deze week,0,1,0%,39
pangafilet lidl,0,1,0%,39
skyr aanbieding ah,0,1,0%,39
spitskool aanbieding,0,1,0%,39
aanbieding jumbo deze week,0,1,0%,40
ah chips aanbieding,0,1,0%,40
aldi campina melk,0,1,0%,40
cola jumbo aanbieding,0,1,0%,40
jumbo bbq actie,0,1,0%,40
ketchup aanbieding,0,1,0%,40
knorr aanbieding,0,1,0%,40
makreel albert heijn,0,1,0%,40
sligro douwe egberts,0,1,0%,40
stokbrood lidl,0,1,0%,40
acties ah deze week,0,1,0%,41
albertheijn aanbiedingen,0,1,0%,41
jumbo gebak aanbieding deze week,0,1,0%,41
pepsi aanbieding ah,0,1,0%,41
bloedsinaasappel aanbieding,0,1,0%,42
jumbo wijn aanbieding montaignan,0,1,0%,42
sligro douwe egberts koffie,0,1,0%,42
aanbiedingen jumbo deze week,0,1,0%,43
albert heijn lavendel,0,1,0%,43
albert heijn weekaanbiedingen,0,1,0%,43
lidl pangasiusfilet,0,1,0%,43
jumbo aanbieding deze week,0,1,0%,44
chips zakjes aanbieding,0,1,0%,45
jumbo winkelvoorraad,0,1,0%,45
pangasius lidl,0,1,0%,45
wereldgerecht aanbieding,0,1,0%,45
jumbo bbq-vlees 4 voor 10 euro,0,1,0%,46
poiesz zegel,0,1,0%,46
aanbieding spruitjes,0,1,0%,47
aktie jumbo,0,1,0%,47
aldi lasagne,0,1,0%,47
citroen jumbo,0,1,0%,47
mucho más gold,0,1,0%,47
poiesz slijterij aanbiedingen,0,1,0%,47
poiesz webshop,0,1,0%,47
jumboaanbiedingen,0,1,0%,49
openingstijden hoogvliet gouda,0,1,0%,49
poiesz taart,0,1,0%,49
sligro koffiebonen,0,1,0%,49
albert heijn enschede prospekt,0,1,0%,50
jumbo nu in de aanbieding,0,1,0%,50
plus cakejes,0,1,0%,50
actieproducten jumbo,0,1,0%,51
poiesz spaaractie,0,1,0%,51
ah fruit aanbieding,0,1,0%,52
aldi koptelefoon,0,1,0%,52
cadeaus poiesz,0,1,0%,52
grolsch aanbieding jumbo,0,1,0%,52
pizza baguette aldi,0,1,0%,53
aanbiedingen jumbo supermarkt,0,1,0%,54
plus koekjes,0,1,0%,54
poeisz spaaractie,0,1,0%,54
7up aanbieding,0,1,0%,55
pitt bier jumbo,0,1,0%,55
poiesz spaarkaarten,0,1,0%,56
aanbieding snacks,0,1,0%,57
frituur snacks aanbieding,0,1,0%,57
jumbo voorraad checken,0,1,0%,57
jumbo nl angebote,0,1,0%,58
snacks aanbieding,0,1,0%,58
supermarkt abcoude,0,1,0%,58
ogio pinot grigio,0,1,0%,59
pesto poiesz,0,1,0%,59
poiesz bier aanbieding,0,1,0%,59
albert heijn promoties,0,1,0%,60
spruiten aanbieding,0,1,0%,60
molenschot supermarkt,0,1,0%,61
promo ah,0,1,0%,61
7 up aanbieding,0,1,0%,63
extra supermarkt,0,1,0%,63
ah meloen aanbieding,0,1,0%,64
het hele assortiment bekijken,0,1,0%,64
limonadesiroop zonder suiker,0,1,0%,64
plus cupcakes,0,1,0%,64
plus toetjes,0,1,0%,64
supermarkt harfsen,0,1,0%,64
teerkost,0,1,0%,64
jumbo wegwerp bbq,0,1,0%,65
prijzen vergelijken supermarkt,0,1,0%,65
abcoude supermarkt,0,1,0%,66
jumbo waterval wijn,0,1,0%,66
smarties aanbieding,0,1,0%,66
supermarkt ulicoten,0,1,0%,66
actie poiesz,0,1,0%,67
kortingen supermarkten,0,1,0%,67
poiesz pizza,0,1,0%,67
4x gratis bezorgen jumbo,0,1,0%,68
cupcakes plus,0,1,0%,68
aanbiedingen supermarkten vergelijken,0,1,0%,70
buurtsuper folder,0,1,0%,70
limonade zonder suiker,0,1,0%,70
supermarkt vergelijk,0,1,0%,71
discount sonck,0,1,0%,72
kant en klare maaltijden aanbieding,0,1,0%,73
supermarktprijzen vergelijken,0,1,0%,73
onze trots,0,1,0%,74
supermarkt acties,0,1,0%,74
supermarkt bakel,0,1,0%,74
supermarkt benschop,0,1,0%,74
emte aanbieding,0,1,0%,75
aanbieding vandaag,0,1,0%,76
alle aanbiedingen supermarkten,0,1,0%,76
c1000 aanbiedingen,0,1,0%,76
plus cheesecake,0,1,0%,76
prijzen vergelijken supermarkten,0,1,0%,76
supermarmt,0,1,0%,76
superbinck,0,1,0%,77
goedkoop boodschappen bestellen,0,1,0%,78
hulshorst supermarkt,0,1,0%,78
prijzen supermarkten vergelijken,0,1,0%,78
supermarkten vergelijken prijs,0,1,0%,78
goedkoop online boodschappen,0,1,0%,79
pak drinken,0,1,0%,79
supermarkt prijzen vergelijken,0,1,0%,79
supermarkten leek,0,1,0%,79
goedkoop eten kopen online,0,1,0%,80
online supermarkt,0,1,0%,82
vergelijk supermarkten,0,1,0%,82
aanbiedingen supermarkten deze week,0,1,0%,83
supermarkt wijnjewoude,0,1,0%,84
supermarlt,0,1,0%,84
supermark,0,1,0%,87
cent supermarkt,0,1,0%,88
supermarkt best,0,1,0%,88
supersociaal,0,1,0%,88
aupermarkt,0,1,0%,89
sipermarkt,0,1,0%,89
muntenactie supermarkt,0,1,0%,90
supermarkt nuenen,0,1,0%,90
acties supermarkten,0,1,0%,92
boodschappen deals,0,1,0%,93
ravenstein supermarkt,0,1,0%,93
bin 71,0,1,0%,94
reclamefolders supermarkten,0,1,0%,94
supermarchee,0,1,0%,94
supermarkrt,0,1,0%,94
supermarkt overdinkel,0,1,0%,94
vinkel supermarkt,0,1,0%,94
goedkope boodschappen,0,1,0%,95
goedkope boodschappen online,0,1,0%,95
online supermarkten,0,1,0%,95
suermarkt,0,1,0%,95
super deals en aanbiedingen,0,1,0%,95
supermrkt,0,1,0%,95
aanbieding supermarkten,0,1,0%,96
discount supermarkt,0,1,0%,96
supermarches,0,1,0%,96
boodschap aanbiedingen,0,1,0%,97
dalfsen supermarkt,0,1,0%,97
supermarkt nl,0,1,0%,97
supermarche,0,1,0%,98
wk acties supermarkten,0,1,0%,98
bingo actie supermarkt,0,1,0%,99
supermarché,0,1,0%,99
super de boer,0,1,0%,100
supermarkt producten,0,1,0%,100